id;name;price;date
0;Name 0;34.1569;2019/04/15 11:06:43
1;Name 1;14.3845;2019/04/08 07:06:31
2;Name 2;2.90795;2019/08/15 15:09:16
3;Name 3;30.7432;2019/10/03 08:21:11
4;Name 4;7.98067;2019/01/15 03:36:57
5;Name 5;20.2967;2019/03/05 18:27:39
6;Name 6;8.71016;2019/01/26 19:24:22
7;Name 7;71.9213;2019/02/25 16:06:11
8;Name 8;39.3172;2019/07/11 00:20:45
9;Name 9;0.0442904;2019/02/03 03:38:48
10;Name 10;49.7282;2019/11/25 02:37:58
11;Name 11;62.2547;2019/04/18 14:53:15
12;Name 12;28.5257;2019/03/23 08:52:35
13;Name 13;7.71109;2019/08/14 16:49:42
14;Name 14;67.3975;2019/08/14 20:25:30
15;Name 15;48.6747;2019/03/09 07:27:39
16;Name 16;63.5153;2019/07/29 17:39:43
17;Name 17;18.1028;2019/05/02 11:18:26
18;Name 18;19.6452;2019/06/09 04:33:10
19;Name 19;3.51157;2019/04/16 15:45:51
20;Name 20;36.9186;2019/06/21 10:18:14
21;Name 21;4.20775;2019/11/30 10:03:22
22;Name 22;22.5032;2019/03/29 18:33:49
23;Name 23;91.6814;2019/08/04 21:26:09
24;Name 24;55.9453;2019/05/23 11:58:36
25;Name 25;2.67931;2019/06/30 03:27:42
26;Name 26;99.9166;2019/02/15 13:35:11
27;Name 27;98.8955;2019/05/20 00:03:28
28;Name 28;91.6487;2019/09/10 20:12:42
29;Name 29;37.1327;2019/08/15 18:22:40
30;Name 30;67.0154;2019/11/04 00:42:11
31;Name 31;2.26622;2019/03/30 13:35:33
32;Name 32;48.1287;2019/06/03 11:27:39
33;Name 33;89.3009;2019/10/02 01:11:54
34;Name 34;13.6169;2019/06/10 08:09:36
35;Name 35;95.3324;2019/08/04 06:16:46
36;Name 36;41.5548;2019/02/13 03:37:46
37;Name 37;24.2398;2019/03/01 04:50:13
38;Name 38;73.6384;2019/09/10 17:04:48
39;Name 39;55.4476;2019/08/29 12:02:42
40;Name 40;14.5326;2019/07/29 21:07:06
41;Name 41;51.1818;2019/01/26 15:41:55
42;Name 42;74.531;2019/08/03 14:45:13
43;Name 43;33.3097;2019/10/06 07:22:14
44;Name 44;54.9148;2019/05/16 07:39:08
45;Name 45;55.1436;2019/04/22 09:32:16
46;Name 46;21.5777;2019/07/25 12:57:04
47;Name 47;42.5028;2019/07/26 00:02:14
48;Name 48;60.3806;2019/06/09 16:02:49
49;Name 49;42.1025;2019/06/21 05:11:50
50;Name 50;27.2398;2019/02/15 15:39:16
51;Name 51;26.3994;2019/06/12 14:30:33
52;Name 52;81.3712;2019/10/29 08:29:08
53;Name 53;94.2895;2019/09/18 12:45:36
54;Name 54;18.5353;2019/07/10 19:25:51
55;Name 55;97.6659;2019/11/26 11:13:32
56;Name 56;31.4561;2019/09/16 07:10:45
57;Name 57;8.09763;2019/04/09 12:24:02
58;Name 58;28.2373;2019/04/04 17:03:32
59;Name 59;16.9439;2019/02/10 16:26:56
60;Name 60;99.0551;2019/03/11 13:05:15
61;Name 61;76.9934;2019/11/20 04:36:06
62;Name 62;32.2745;2019/10/09 02:03:55
63;Name 63;70.1609;2019/11/25 16:20:08
64;Name 64;78.9592;2019/01/14 00:19:53
65;Name 65;61.3808;2019/01/07 05:06:04
66;Name 66;2.94806;2019/05/26 07:52:40
67;Name 67;47.0253;2019/11/06 06:33:54
68;Name 68;26.776;2019/11/27 00:07:29
69;Name 69;37.8448;2019/10/10 03:28:37
70;Name 70;10.0679;2019/09/25 20:16:28
71;Name 71;24.932;2019/06/06 09:06:02
72;Name 72;94.154;2019/11/26 16:01:50
73;Name 73;77.2077;2019/11/30 05:03:00
74;Name 74;47.9722;2019/03/04 21:24:28
75;Name 75;4.57548;2019/08/25 10:42:46
76;Name 76;42.5482;2019/03/05 18:41:04
77;Name 77;46.2925;2019/11/10 00:13:10
78;Name 78;19.9033;2019/11/01 08:16:11
79;Name 79;41.0728;2019/09/10 01:23:15
80;Name 80;36.9219;2019/06/27 19:41:26
81;Name 81;32.0021;2019/02/20 04:24:52
82;Name 82;26.9679;2019/06/13 15:33:31
83;Name 83;24.8874;2019/02/09 01:04:59
84;Name 84;41.9733;2019/04/10 01:12:27
85;Name 85;77.8372;2019/04/26 17:35:17
86;Name 86;53.4401;2019/03/15 06:27:41
87;Name 87;3.41978;2019/04/07 15:01:00
88;Name 88;23.1092;2019/05/08 19:54:50
89;Name 89;11.4601;2019/08/16 19:13:02
90;Name 90;45.6591;2019/09/16 04:04:34
91;Name 91;96.6236;2019/07/05 21:37:44
92;Name 92;16.9559;2019/03/12 12:59:27
93;Name 93;3.02923;2019/03/23 11:49:57
94;Name 94;6.67817;2019/02/04 07:39:58
95;Name 95;8.0168;2019/09/09 03:58:17
96;Name 96;80.3796;2019/11/21 16:13:29
97;Name 97;72.046;2019/11/08 10:42:00
98;Name 98;38.3023;2019/09/23 17:02:29
99;Name 99;47.9798;2019/02/09 08:52:34
100;Name 100;33.0385;2019/09/22 18:22:08
101;Name 101;16.2551;2019/11/12 09:34:11
102;Name 102;70.4211;2019/06/24 10:52:07
103;Name 103;86.4765;2019/02/22 07:03:19
104;Name 104;21.9803;2019/08/21 14:46:52
105;Name 105;6.43314;2019/10/27 20:11:54
106;Name 106;80.422;2019/04/02 09:05:03
107;Name 107;2.94336;2019/06/01 07:35:32
108;Name 108;76.8744;2019/09/23 10:12:58
109;Name 109;49.1025;2019/04/25 15:59:07
110;Name 110;73.3426;2019/11/11 09:07:52
111;Name 111;37.5428;2019/03/04 12:58:56
112;Name 112;10.6867;2019/02/29 06:05:36
113;Name 113;0.528622;2019/02/30 17:30:40
114;Name 114;26.3483;2019/05/03 05:56:35
115;Name 115;77.7872;2019/10/02 02:00:51
116;Name 116;74.7561;2019/10/29 20:59:19
117;Name 117;58.91;2019/10/26 15:44:15
118;Name 118;69.6095;2019/08/06 16:29:14
119;Name 119;45.1811;2019/10/28 14:27:45
120;Name 120;78.3417;2019/07/14 01:24:21
121;Name 121;45.4521;2019/09/28 11:37:52
122;Name 122;16.9707;2019/05/13 16:42:51
123;Name 123;88.65;2019/10/08 21:57:04
124;Name 124;81.2526;2019/01/13 01:09:32
125;Name 125;68.954;2019/04/23 13:39:33
126;Name 126;12.5736;2019/07/21 07:17:10
127;Name 127;63.8572;2019/05/04 04:02:56
128;Name 128;87.9667;2019/07/12 04:24:07
129;Name 129;73.0277;2019/07/12 06:12:05
130;Name 130;45.7242;2019/11/06 09:50:24
131;Name 131;24.1574;2019/03/27 00:55:43
132;Name 132;76.443;2019/09/27 04:37:00
133;Name 133;63.0342;2019/04/15 11:46:38
134;Name 134;11.4269;2019/08/18 12:57:01
135;Name 135;36.0066;2019/09/08 13:23:44
136;Name 136;84.2259;2019/07/01 05:57:30
137;Name 137;20.7236;2019/04/05 09:33:00
138;Name 138;4.87692;2019/02/08 17:11:49
139;Name 139;73.8028;2019/07/14 10:49:26
140;Name 140;32.6466;2019/01/29 16:57:54
141;Name 141;16.1858;2019/07/06 00:54:08
142;Name 142;86.1289;2019/09/03 01:55:39
143;Name 143;58.9409;2019/06/15 05:44:04
144;Name 144;45.2085;2019/01/11 13:13:53
145;Name 145;26.1235;2019/05/13 12:49:38
146;Name 146;60.6682;2019/05/20 16:46:20
147;Name 147;81.9927;2019/01/17 20:03:22
148;Name 148;83.9889;2019/05/12 13:50:01
149;Name 149;39.5805;2019/10/01 19:21:56
150;Name 150;13.4961;2019/08/07 08:20:22
151;Name 151;12.7123;2019/01/03 07:30:05
152;Name 152;30.4147;2019/03/02 07:26:15
153;Name 153;0.451423;2019/10/07 16:14:44
154;Name 154;41.7045;2019/10/23 09:46:46
155;Name 155;39.9065;2019/06/20 21:24:50
156;Name 156;91.1568;2019/10/07 02:45:09
157;Name 157;19.0686;2019/01/21 13:11:16
158;Name 158;82.0909;2019/07/08 09:49:13
159;Name 159;32.0191;2019/08/20 11:33:24
160;Name 160;30.0616;2019/07/21 00:14:53
161;Name 161;57.7926;2019/01/20 03:14:14
162;Name 162;87.0269;2019/02/03 06:20:31
163;Name 163;72.8988;2019/07/10 19:05:58
164;Name 164;70.6591;2019/08/30 15:27:17
165;Name 165;87.051;2019/03/15 14:19:52
166;Name 166;70.4329;2019/02/09 11:44:35
167;Name 167;86.5095;2019/07/15 11:13:14
168;Name 168;84.0632;2019/04/02 11:46:23
169;Name 169;58.873;2019/10/21 15:22:03
170;Name 170;18.526;2019/07/05 19:33:10
171;Name 171;44.7811;2019/04/13 13:16:17
172;Name 172;6.89693;2019/11/21 11:36:46
173;Name 173;53.5448;2019/11/13 17:06:40
174;Name 174;72.7632;2019/07/19 07:18:00
175;Name 175;61.2974;2019/06/06 04:40:55
176;Name 176;59.988;2019/09/29 15:57:04
177;Name 177;26.6313;2019/11/11 13:06:43
178;Name 178;49.3398;2019/08/15 12:38:58
179;Name 179;76.5622;2019/08/08 10:09:03
180;Name 180;38.1143;2019/03/05 17:56:29
181;Name 181;66.8172;2019/02/29 06:43:02
182;Name 182;83.115;2019/03/29 14:22:18
183;Name 183;40.7863;2019/03/14 06:40:36
184;Name 184;28.6462;2019/03/16 15:20:57
185;Name 185;18.2538;2019/07/18 07:31:59
186;Name 186;83.6244;2019/09/26 08:20:09
187;Name 187;37.5461;2019/10/24 10:48:44
188;Name 188;26.1255;2019/03/15 10:57:40
189;Name 189;79.0864;2019/10/28 08:38:17
190;Name 190;91.1508;2019/01/29 17:55:07
191;Name 191;8.67806;2019/04/26 16:40:47
192;Name 192;36.5872;2019/10/25 11:27:41
193;Name 193;79.1403;2019/01/23 19:18:31
194;Name 194;91.4599;2019/01/15 10:00:11
195;Name 195;2.51325;2019/03/08 11:05:41
196;Name 196;75.1669;2019/06/17 15:34:21
197;Name 197;22.6868;2019/03/03 01:52:44
198;Name 198;31.2597;2019/09/02 03:38:50
199;Name 199;36.0713;2019/11/09 04:06:59
200;Name 200;82.8532;2019/04/30 01:02:02
201;Name 201;70.6668;2019/10/23 17:37:58
202;Name 202;43.8567;2019/02/12 05:03:54
203;Name 203;61.5555;2019/07/27 21:41:44
204;Name 204;27.6552;2019/05/28 05:42:47
205;Name 205;36.8752;2019/06/09 08:39:52
206;Name 206;99.2061;2019/02/14 03:43:16
207;Name 207;7.73101;2019/11/18 14:45:00
208;Name 208;91.2908;2019/08/29 20:58:45
209;Name 209;11.6278;2019/05/17 15:58:54
210;Name 210;93.7975;2019/03/07 12:34:51
211;Name 211;24.8635;2019/01/30 18:36:28
212;Name 212;35.1298;2019/10/27 12:56:06
213;Name 213;20.8189;2019/04/13 16:39:15
214;Name 214;85.8244;2019/07/27 05:10:37
215;Name 215;77.4881;2019/04/17 13:54:23
216;Name 216;45.7335;2019/04/13 14:07:16
217;Name 217;60.7911;2019/05/06 09:00:55
218;Name 218;2.42871;2019/05/12 09:24:05
219;Name 219;30.3075;2019/09/30 14:12:35
220;Name 220;31.5887;2019/03/09 06:31:44
221;Name 221;53.5104;2019/09/27 15:39:40
222;Name 222;14.6695;2019/07/05 18:43:35
223;Name 223;3.98452;2019/03/03 11:56:16
224;Name 224;95.1866;2019/11/22 03:03:42
225;Name 225;16.0472;2019/09/04 13:10:31
226;Name 226;61.4816;2019/06/03 05:39:57
227;Name 227;54.4255;2019/01/23 10:39:06
228;Name 228;28.8768;2019/06/17 02:27:50
229;Name 229;20.4894;2019/09/21 17:48:32
230;Name 230;7.87025;2019/01/13 06:35:46
231;Name 231;97.7414;2019/04/19 14:33:17
232;Name 232;44.5212;2019/04/20 18:59:35
233;Name 233;71.7531;2019/09/06 19:59:10
234;Name 234;80.85;2019/11/20 21:41:38
235;Name 235;2.02998;2019/07/27 11:39:24
236;Name 236;65.2535;2019/09/06 19:57:25
237;Name 237;10.3174;2019/03/10 19:37:37
238;Name 238;53.4526;2019/10/23 08:57:26
239;Name 239;41.3892;2019/10/30 02:48:36
240;Name 240;70.6821;2019/09/07 21:22:23
241;Name 241;77.0512;2019/01/09 03:45:06
242;Name 242;39.6279;2019/07/10 13:13:32
243;Name 243;26.6044;2019/11/12 09:35:21
244;Name 244;74.5833;2019/05/08 03:49:45
245;Name 245;85.3293;2019/01/13 19:45:19
246;Name 246;75.1205;2019/11/16 20:08:51
247;Name 247;24.0828;2019/02/22 17:05:21
248;Name 248;61.3664;2019/06/26 13:20:12
249;Name 249;50.726;2019/01/18 12:32:22
250;Name 250;29.0609;2019/11/10 07:33:19
251;Name 251;28.6211;2019/01/21 17:04:08
252;Name 252;45.0235;2019/02/02 20:14:51
253;Name 253;39.9355;2019/03/21 13:00:58
254;Name 254;47.4492;2019/04/30 13:52:19
255;Name 255;19.5987;2019/01/09 17:14:18
256;Name 256;49.7047;2019/04/29 02:38:33
257;Name 257;87.2782;2019/06/19 05:57:05
258;Name 258;51.003;2019/04/30 12:25:55
259;Name 259;81.204;2019/01/26 15:15:15
260;Name 260;82.8819;2019/09/11 05:34:29
261;Name 261;50.6098;2019/08/12 21:40:44
262;Name 262;10.5357;2019/08/18 21:02:11
263;Name 263;17.3656;2019/03/11 14:19:33
264;Name 264;52.4926;2019/02/06 12:33:54
265;Name 265;36.3475;2019/08/13 04:29:33
266;Name 266;47.6231;2019/11/19 02:03:20
267;Name 267;54.7863;2019/08/04 03:48:18
268;Name 268;33.6413;2019/07/16 10:26:45
269;Name 269;80.323;2019/08/23 04:03:07
270;Name 270;47.7308;2019/04/02 02:29:13
271;Name 271;44.8063;2019/06/02 08:44:27
272;Name 272;63.7099;2019/10/04 07:55:38
273;Name 273;16.6706;2019/10/21 21:18:30
274;Name 274;11.2264;2019/01/15 04:24:33
275;Name 275;41.6094;2019/07/20 02:29:13
276;Name 276;45.926;2019/06/28 18:25:20
277;Name 277;31.1718;2019/10/16 07:27:08
278;Name 278;53.6929;2019/05/04 21:28:04
279;Name 279;71.4966;2019/09/30 01:50:31
280;Name 280;20.2128;2019/10/23 15:44:04
281;Name 281;34.9565;2019/11/21 08:26:59
282;Name 282;32.0068;2019/07/03 00:06:57
283;Name 283;3.55074;2019/10/08 11:12:03
284;Name 284;80.3445;2019/10/11 00:31:34
285;Name 285;19.9084;2019/09/07 19:32:06
286;Name 286;53.7405;2019/11/21 07:14:42
287;Name 287;50.5618;2019/04/30 17:17:09
288;Name 288;92.0463;2019/02/29 09:31:57
289;Name 289;78.9171;2019/06/12 00:58:42
290;Name 290;21.1981;2019/02/19 19:38:31
291;Name 291;24.7741;2019/01/29 05:55:50
292;Name 292;68.0023;2019/08/21 00:07:40
293;Name 293;74.3992;2019/09/24 01:19:13
294;Name 294;29.4577;2019/01/29 01:23:15
295;Name 295;4.64974;2019/05/25 04:24:10
296;Name 296;83.3193;2019/08/18 19:35:30
297;Name 297;38.2891;2019/09/03 07:17:36
298;Name 298;83.3376;2019/10/21 07:18:25
299;Name 299;9.68522;2019/04/11 05:38:05
300;Name 300;22.269;2019/09/03 12:12:21
301;Name 301;80.5824;2019/05/26 12:32:34
302;Name 302;22.3015;2019/07/22 18:31:11
303;Name 303;34.8009;2019/01/11 15:30:15
304;Name 304;64.7122;2019/10/21 14:35:35
305;Name 305;3.36423;2019/04/02 13:25:49
306;Name 306;82.5673;2019/07/14 14:14:56
307;Name 307;92.4642;2019/11/13 16:49:36
308;Name 308;8.19626;2019/10/07 04:53:43
309;Name 309;57.4659;2019/09/12 14:01:20
310;Name 310;82.8731;2019/04/07 08:28:15
311;Name 311;43.472;2019/05/01 13:27:50
312;Name 312;49.2476;2019/07/30 08:05:40
313;Name 313;51.6187;2019/03/01 09:46:48
314;Name 314;85.1265;2019/04/01 13:18:12
315;Name 315;63.886;2019/01/14 15:43:02
316;Name 316;64.9659;2019/10/02 20:22:59
317;Name 317;72.7655;2019/10/27 14:04:58
318;Name 318;31.7195;2019/02/17 01:17:06
319;Name 319;88.2227;2019/11/07 00:24:13
320;Name 320;72.366;2019/03/27 17:01:19
321;Name 321;30.7589;2019/05/06 06:18:41
322;Name 322;96.2998;2019/07/24 01:02:35
323;Name 323;86.2505;2019/08/02 04:13:26
324;Name 324;90.9596;2019/05/20 21:59:16
325;Name 325;44.5371;2019/05/07 06:43:45
326;Name 326;73.1932;2019/03/06 18:54:48
327;Name 327;12.7573;2019/01/04 16:38:28
328;Name 328;68.507;2019/02/06 19:27:36
329;Name 329;55.929;2019/01/30 08:36:32
330;Name 330;2.9855;2019/03/30 01:59:13
331;Name 331;2.06124;2019/05/02 02:17:44
332;Name 332;78.2977;2019/01/10 07:06:43
333;Name 333;38.4122;2019/05/25 08:26:09
334;Name 334;96.1738;2019/01/19 20:33:59
335;Name 335;7.42474;2019/03/29 02:21:47
336;Name 336;24.0272;2019/07/24 00:10:23
337;Name 337;62.0897;2019/11/05 15:47:52
338;Name 338;13.7161;2019/08/08 18:02:13
339;Name 339;35.9038;2019/03/18 19:51:57
340;Name 340;33.6973;2019/06/30 01:02:14
341;Name 341;8.27738;2019/06/10 12:37:59
342;Name 342;83.3574;2019/02/12 02:27:29
343;Name 343;7.45229;2019/08/29 10:16:41
344;Name 344;63.2243;2019/08/16 01:40:43
345;Name 345;43.9873;2019/02/06 03:05:18
346;Name 346;1.81404;2019/07/24 14:27:00
347;Name 347;63.5805;2019/07/06 18:58:56
348;Name 348;76.5288;2019/04/13 20:11:54
349;Name 349;86.2255;2019/01/25 03:46:58
350;Name 350;58.8472;2019/08/22 00:00:31
351;Name 351;66.0816;2019/10/19 04:32:05
352;Name 352;96.9595;2019/03/09 07:43:50
353;Name 353;84.2969;2019/11/14 16:42:23
354;Name 354;13.8782;2019/09/04 19:24:04
355;Name 355;67.3927;2019/06/25 03:20:31
356;Name 356;54.53;2019/01/23 11:18:53
357;Name 357;64.3695;2019/01/30 00:13:48
358;Name 358;88.26;2019/07/19 04:38:56
359;Name 359;79.1184;2019/11/03 16:33:36
360;Name 360;84.3276;2019/06/17 08:07:48
361;Name 361;69.0299;2019/05/26 20:35:28
362;Name 362;88.9099;2019/04/08 21:15:32
363;Name 363;54.8539;2019/05/19 09:51:47
364;Name 364;31.2707;2019/08/08 10:36:25
365;Name 365;44.5872;2019/09/22 20:44:16
366;Name 366;35.1751;2019/04/24 00:45:50
367;Name 367;13.7477;2019/07/20 02:05:06
368;Name 368;22.5449;2019/03/11 18:27:01
369;Name 369;50.166;2019/09/26 15:45:45
370;Name 370;97.9282;2019/08/03 10:02:34
371;Name 371;92.6521;2019/11/04 16:36:58
372;Name 372;20.9804;2019/11/16 14:54:13
373;Name 373;38.5625;2019/01/15 19:30:57
374;Name 374;95.8705;2019/01/08 12:49:28
375;Name 375;74.0449;2019/11/17 06:00:48
376;Name 376;33.2925;2019/09/15 04:00:19
377;Name 377;58.7601;2019/11/03 06:56:29
378;Name 378;29.7873;2019/09/21 20:17:28
379;Name 379;35.6941;2019/09/23 21:51:39
380;Name 380;58.7201;2019/10/04 08:26:07
381;Name 381;95.7313;2019/03/19 03:17:11
382;Name 382;63.5587;2019/06/17 10:58:57
383;Name 383;35.8681;2019/09/17 21:27:27
384;Name 384;6.41065;2019/10/27 04:27:29
385;Name 385;17.9826;2019/05/27 07:53:52
386;Name 386;20.3477;2019/01/06 16:13:59
387;Name 387;19.411;2019/06/07 19:58:54
388;Name 388;61.3696;2019/07/05 04:54:41
389;Name 389;18.9189;2019/05/28 14:25:11
390;Name 390;43.2726;2019/08/02 01:11:03
391;Name 391;57.4448;2019/11/27 12:12:23
392;Name 392;57.8311;2019/01/26 00:34:06
393;Name 393;44.925;2019/06/17 03:41:28
394;Name 394;64.8235;2019/05/28 15:35:25
395;Name 395;26.0135;2019/07/04 14:33:55
396;Name 396;15.363;2019/01/05 04:24:24
397;Name 397;20.4965;2019/05/12 12:47:19
398;Name 398;27.4279;2019/01/06 06:25:03
399;Name 399;43.4218;2019/10/06 10:23:45
400;Name 400;6.41711;2019/01/26 05:17:59
401;Name 401;18.9062;2019/04/08 16:37:36
402;Name 402;29.5461;2019/09/12 07:13:16
403;Name 403;79.1205;2019/11/27 12:07:38
404;Name 404;39.7832;2019/11/15 08:18:40
405;Name 405;43.8766;2019/05/30 01:10:46
406;Name 406;59.2864;2019/11/30 04:20:22
407;Name 407;90.0602;2019/05/01 12:56:19
408;Name 408;76.3193;2019/01/21 04:24:29
409;Name 409;3.08672;2019/03/06 11:41:33
410;Name 410;75.8948;2019/02/13 13:27:31
411;Name 411;41.6341;2019/01/02 02:21:40
412;Name 412;37.2866;2019/08/02 18:13:00
413;Name 413;60.4098;2019/10/18 03:02:02
414;Name 414;0.165627;2019/05/22 03:38:35
415;Name 415;86.343;2019/11/10 08:22:47
416;Name 416;37.1501;2019/10/02 05:15:11
417;Name 417;66.6661;2019/02/22 15:41:05
418;Name 418;76.7272;2019/11/19 18:31:32
419;Name 419;33.9987;2019/08/06 09:35:49
420;Name 420;80.5311;2019/07/01 13:01:11
421;Name 421;74.1666;2019/09/09 12:35:38
422;Name 422;70.1932;2019/09/04 04:13:52
423;Name 423;94.5745;2019/11/28 06:54:46
424;Name 424;88.4106;2019/01/30 13:21:43
425;Name 425;79.9096;2019/02/16 02:26:25
426;Name 426;94.8662;2019/11/06 18:52:41
427;Name 427;24.9758;2019/05/07 16:28:33
428;Name 428;9.42332;2019/01/29 15:19:15
429;Name 429;16.6799;2019/02/19 20:05:45
430;Name 430;14.4265;2019/07/23 20:57:32
431;Name 431;77.9293;2019/04/05 03:26:13
432;Name 432;81.0134;2019/01/12 16:51:37
433;Name 433;77.4388;2019/10/01 13:31:27
434;Name 434;4.36588;2019/06/21 08:23:24
435;Name 435;79.7729;2019/02/13 00:32:40
436;Name 436;41.9181;2019/08/08 10:37:35
437;Name 437;28.1491;2019/11/09 20:08:31
438;Name 438;24.531;2019/04/23 12:30:32
439;Name 439;63.1758;2019/10/17 20:32:41
440;Name 440;94.3661;2019/06/22 14:24:00
441;Name 441;28.2139;2019/05/28 12:45:06
442;Name 442;86.5216;2019/11/22 16:06:06
443;Name 443;68.4513;2019/04/22 03:10:04
444;Name 444;98.4739;2019/08/07 09:07:35
445;Name 445;36.9177;2019/09/12 18:14:21
446;Name 446;72.1339;2019/07/28 08:36:15
447;Name 447;55.7078;2019/11/11 07:38:37
448;Name 448;13.9534;2019/03/21 10:14:34
449;Name 449;72.9087;2019/03/20 09:59:48
450;Name 450;45.9106;2019/11/08 13:19:48
451;Name 451;75.4937;2019/10/27 18:43:10
452;Name 452;30.8621;2019/07/16 19:37:34
453;Name 453;59.7355;2019/06/13 08:06:26
454;Name 454;88.731;2019/10/24 12:45:26
455;Name 455;58.4225;2019/07/01 12:57:45
456;Name 456;40.4969;2019/02/25 12:27:01
457;Name 457;64.6685;2019/04/01 00:21:17
458;Name 458;87.6583;2019/11/09 10:10:22
459;Name 459;10.2878;2019/08/04 18:28:40
460;Name 460;46.4287;2019/11/03 14:54:52
461;Name 461;63.7823;2019/07/24 01:55:48
462;Name 462;32.068;2019/06/12 06:47:25
463;Name 463;16.5815;2019/06/29 18:14:46
464;Name 464;50.7018;2019/08/09 07:06:57
465;Name 465;79.2095;2019/08/08 12:36:12
466;Name 466;63.1182;2019/06/23 01:54:05
467;Name 467;82.1016;2019/02/03 11:32:49
468;Name 468;80.3502;2019/06/06 02:24:19
469;Name 469;88.8174;2019/04/30 05:21:03
470;Name 470;80.1225;2019/01/12 03:14:09
471;Name 471;49.0579;2019/07/22 00:50:25
472;Name 472;6.77266;2019/03/13 19:14:46
473;Name 473;90.3019;2019/04/26 13:33:04
474;Name 474;40.6344;2019/11/05 01:21:05
475;Name 475;52.9109;2019/06/16 21:14:56
476;Name 476;47.695;2019/04/05 02:53:23
477;Name 477;82.5771;2019/06/12 02:11:18
478;Name 478;74.049;2019/03/11 00:10:38
479;Name 479;83.2434;2019/06/05 05:14:35
480;Name 480;67.9911;2019/03/06 02:30:32
481;Name 481;21.0294;2019/01/28 19:35:09
482;Name 482;49.4454;2019/06/02 21:23:37
483;Name 483;33.1621;2019/06/22 12:26:43
484;Name 484;1.04415;2019/11/27 18:00:55
485;Name 485;81.2663;2019/06/12 18:22:50
486;Name 486;12.9747;2019/11/02 11:39:59
487;Name 487;83.002;2019/05/01 19:15:43
488;Name 488;69.2709;2019/04/01 03:30:41
489;Name 489;11.6951;2019/06/27 05:22:50
490;Name 490;36.0401;2019/11/11 17:58:13
491;Name 491;95.6273;2019/05/26 01:00:04
492;Name 492;40.783;2019/08/17 20:57:26
493;Name 493;73.2832;2019/05/24 20:38:09
494;Name 494;92.6405;2019/10/06 05:06:04
495;Name 495;55.7787;2019/10/28 19:14:41
496;Name 496;14.7587;2019/09/28 12:37:37
497;Name 497;23.2092;2019/09/25 20:56:21
498;Name 498;53.471;2019/03/15 01:04:23
499;Name 499;3.35923;2019/09/02 09:17:47
500;Name 500;49.1346;2019/03/13 08:44:42
501;Name 501;40.651;2019/08/15 01:55:19
502;Name 502;61.638;2019/06/13 09:59:41
503;Name 503;55.807;2019/01/18 09:13:38
504;Name 504;40.5477;2019/04/07 02:16:10
505;Name 505;16.904;2019/07/16 11:26:18
506;Name 506;92.9899;2019/02/13 14:35:21
507;Name 507;87.1333;2019/03/17 07:08:56
508;Name 508;18.3476;2019/02/25 08:53:07
509;Name 509;37.9693;2019/08/08 04:13:57
510;Name 510;55.9654;2019/06/21 10:54:10
511;Name 511;72.8814;2019/01/10 10:57:40
512;Name 512;72.1929;2019/11/20 08:47:16
513;Name 513;5.16539;2019/05/22 00:36:37
514;Name 514;13.9235;2019/11/09 10:41:02
515;Name 515;61.4116;2019/07/13 21:30:05
516;Name 516;70.0921;2019/05/02 11:56:02
517;Name 517;64.8387;2019/08/09 12:07:18
518;Name 518;98.5528;2019/08/24 13:24:35
519;Name 519;27.821;2019/01/27 04:26:05
520;Name 520;46.7779;2019/06/16 18:30:58
521;Name 521;91.2927;2019/07/12 02:25:25
522;Name 522;28.9288;2019/07/27 06:55:54
523;Name 523;21.5953;2019/04/03 01:47:11
524;Name 524;17.0209;2019/05/25 10:46:41
525;Name 525;1.35268;2019/10/26 00:26:01
526;Name 526;19.2641;2019/07/16 05:17:39
527;Name 527;37.2467;2019/02/05 19:09:48
528;Name 528;57.4814;2019/09/16 10:15:58
529;Name 529;64.3711;2019/07/30 12:26:27
530;Name 530;26.4361;2019/03/03 10:58:25
531;Name 531;26.9828;2019/09/24 04:35:09
532;Name 532;72.3493;2019/02/21 00:54:26
533;Name 533;37.0432;2019/07/20 18:55:17
534;Name 534;32.096;2019/04/05 12:23:49
535;Name 535;74.5288;2019/09/03 20:48:42
536;Name 536;60.3553;2019/03/06 05:45:22
537;Name 537;93.3227;2019/07/27 16:52:03
538;Name 538;5.93348;2019/10/03 06:46:35
539;Name 539;98.8144;2019/04/10 19:51:25
540;Name 540;27.3638;2019/10/13 11:37:48
541;Name 541;66.2236;2019/08/08 20:42:27
542;Name 542;49.7687;2019/05/08 14:21:28
543;Name 543;62.4513;2019/10/12 12:13:46
544;Name 544;29.9976;2019/10/17 04:22:43
545;Name 545;65.9915;2019/06/21 18:55:42
546;Name 546;56.5883;2019/02/14 20:06:19
547;Name 547;49.6678;2019/08/10 06:11:44
548;Name 548;63.8249;2019/05/12 08:27:21
549;Name 549;53.1221;2019/01/13 01:22:40
550;Name 550;64.1865;2019/09/12 17:13:06
551;Name 551;18.6824;2019/01/08 07:35:15
552;Name 552;34.3269;2019/04/27 00:15:40
553;Name 553;49.9684;2019/03/22 14:04:55
554;Name 554;72.7122;2019/06/22 02:40:31
555;Name 555;17.4635;2019/10/03 02:48:20
556;Name 556;2.55329;2019/09/04 10:56:06
557;Name 557;34.2602;2019/06/05 00:21:02
558;Name 558;96.2657;2019/04/17 17:09:35
559;Name 559;91.7518;2019/09/13 09:50:51
560;Name 560;49.4413;2019/11/09 10:52:41
561;Name 561;15.4019;2019/10/22 10:44:48
562;Name 562;42.0646;2019/11/23 03:04:24
563;Name 563;26.5543;2019/04/21 15:24:35
564;Name 564;12.2818;2019/04/11 17:29:59
565;Name 565;9.4861;2019/04/25 00:08:58
566;Name 566;81.178;2019/03/28 09:31:20
567;Name 567;51.8098;2019/10/23 19:01:29
568;Name 568;86.1965;2019/11/27 05:47:04
569;Name 569;23.1606;2019/07/01 12:00:48
570;Name 570;59.5939;2019/11/03 18:08:06
571;Name 571;71.6644;2019/02/15 14:23:13
572;Name 572;33.5113;2019/04/14 09:09:09
573;Name 573;96.344;2019/10/13 05:55:16
574;Name 574;60.9457;2019/11/11 04:33:50
575;Name 575;38.7387;2019/02/04 04:01:20
576;Name 576;16.9183;2019/06/16 13:30:44
577;Name 577;33.9662;2019/01/21 18:35:27
578;Name 578;41.128;2019/10/11 08:14:09
579;Name 579;36.5634;2019/04/07 03:10:47
580;Name 580;25.4708;2019/02/12 08:28:24
581;Name 581;39.712;2019/06/12 02:34:44
582;Name 582;90.0069;2019/01/24 16:11:28
583;Name 583;2.74055;2019/03/03 12:57:47
584;Name 584;71.1078;2019/03/29 04:32:29
585;Name 585;15.1385;2019/02/09 15:49:55
586;Name 586;53.056;2019/06/06 19:26:56
587;Name 587;52.0731;2019/09/02 20:38:40
588;Name 588;47.9941;2019/07/04 19:16:06
589;Name 589;92.1324;2019/10/22 06:29:46
590;Name 590;19.298;2019/10/03 05:36:47
591;Name 591;32.5231;2019/01/21 07:43:13
592;Name 592;56.4825;2019/07/27 00:48:49
593;Name 593;98.2504;2019/03/23 02:11:25
594;Name 594;11.857;2019/09/29 16:42:55
595;Name 595;96.8937;2019/02/21 19:08:15
596;Name 596;47.4112;2019/08/24 19:02:33
597;Name 597;15.1802;2019/10/28 08:24:11
598;Name 598;58.7421;2019/06/24 21:06:40
599;Name 599;31.2848;2019/11/26 09:09:02
600;Name 600;70.6879;2019/07/24 10:35:27
601;Name 601;39.8879;2019/02/10 06:58:03
602;Name 602;23.8408;2019/04/04 15:34:12
603;Name 603;57.2434;2019/10/02 09:12:26
604;Name 604;62.0197;2019/03/24 03:07:51
605;Name 605;9.27931;2019/03/10 08:03:12
606;Name 606;83.5542;2019/06/08 10:15:58
607;Name 607;6.2066;2019/05/27 20:49:40
608;Name 608;9.80126;2019/08/15 18:37:06
609;Name 609;75.3276;2019/10/07 10:19:18
610;Name 610;12.7678;2019/11/28 05:03:38
611;Name 611;62.2592;2019/02/22 19:12:19
612;Name 612;24.4383;2019/08/19 01:11:33
613;Name 613;65.5477;2019/01/25 06:19:12
614;Name 614;1.92146;2019/04/26 19:38:50
615;Name 615;60.3866;2019/01/05 13:57:13
616;Name 616;16.0906;2019/10/20 21:12:41
617;Name 617;46.4227;2019/05/13 04:05:32
618;Name 618;2.02355;2019/11/09 00:31:11
619;Name 619;41.8583;2019/09/20 18:03:56
620;Name 620;94.5428;2019/01/23 17:43:40
621;Name 621;54.0536;2019/08/01 17:29:39
622;Name 622;1.20831;2019/01/23 15:17:56
623;Name 623;14.7121;2019/09/07 00:49:52
624;Name 624;38.0747;2019/08/15 07:12:30
625;Name 625;66.0062;2019/10/01 19:01:02
626;Name 626;93.1086;2019/10/19 09:05:57
627;Name 627;0.968403;2019/10/05 21:24:47
628;Name 628;43.265;2019/08/04 02:24:23
629;Name 629;40.1293;2019/02/29 03:48:33
630;Name 630;42.5738;2019/05/14 17:34:37
631;Name 631;20.5029;2019/10/05 17:47:25
632;Name 632;38.2443;2019/04/21 19:38:41
633;Name 633;60.6095;2019/07/21 13:50:35
634;Name 634;95.4233;2019/04/14 10:55:36
635;Name 635;82.8829;2019/08/05 00:04:56
636;Name 636;44.8925;2019/10/26 12:10:00
637;Name 637;40.6394;2019/06/17 09:34:24
638;Name 638;49.3314;2019/07/25 13:43:22
639;Name 639;98.783;2019/04/28 16:40:49
640;Name 640;42.4758;2019/04/24 16:12:36
641;Name 641;79.4758;2019/07/30 00:11:01
642;Name 642;14.6892;2019/01/18 04:54:15
643;Name 643;78.1052;2019/06/24 18:31:09
644;Name 644;2.96453;2019/03/19 18:15:34
645;Name 645;39.1005;2019/07/29 11:41:20
646;Name 646;54.9413;2019/05/14 05:05:59
647;Name 647;67.6654;2019/09/22 04:43:14
648;Name 648;11.0638;2019/08/08 01:53:29
649;Name 649;64.1291;2019/03/26 15:36:54
650;Name 650;3.93131;2019/02/10 02:55:17
651;Name 651;92.2359;2019/10/08 06:16:53
652;Name 652;73.5141;2019/02/04 20:30:31
653;Name 653;17.0097;2019/10/20 01:49:18
654;Name 654;29.0941;2019/10/22 13:15:28
655;Name 655;22.4149;2019/02/17 03:07:41
656;Name 656;74.3022;2019/03/28 14:06:30
657;Name 657;1.33709;2019/10/26 08:05:49
658;Name 658;64.087;2019/11/23 14:54:34
659;Name 659;88.5438;2019/01/16 02:58:10
660;Name 660;65.307;2019/05/15 01:22:31
661;Name 661;29.7481;2019/10/18 19:09:00
662;Name 662;54.395;2019/06/18 08:29:37
663;Name 663;89.0802;2019/07/02 06:56:50
664;Name 664;38.2057;2019/01/22 04:53:44
665;Name 665;22.5871;2019/02/19 08:56:04
666;Name 666;8.24444;2019/01/11 05:10:25
667;Name 667;48.6485;2019/08/06 09:17:06
668;Name 668;79.4058;2019/05/18 09:10:08
669;Name 669;59.0468;2019/03/21 20:26:27
670;Name 670;57.7716;2019/09/17 13:07:31
671;Name 671;48.3872;2019/06/29 02:42:34
672;Name 672;36.1411;2019/08/20 21:31:58
673;Name 673;93.2641;2019/06/26 00:03:37
674;Name 674;55.6792;2019/08/27 13:19:21
675;Name 675;71.016;2019/03/14 12:13:19
676;Name 676;58.9904;2019/08/20 20:17:19
677;Name 677;62.8374;2019/03/23 06:28:10
678;Name 678;94.331;2019/01/28 11:05:30
679;Name 679;92.5299;2019/03/04 01:44:00
680;Name 680;32.9982;2019/10/11 09:58:42
681;Name 681;9.48137;2019/11/14 12:30:58
682;Name 682;11.3424;2019/05/25 18:30:09
683;Name 683;31.9608;2019/07/20 21:50:18
684;Name 684;15.7998;2019/01/12 20:49:32
685;Name 685;65.4042;2019/10/15 08:51:03
686;Name 686;23.2682;2019/03/27 19:33:16
687;Name 687;67.547;2019/10/16 09:12:23
688;Name 688;40.3034;2019/04/05 20:51:53
689;Name 689;37.293;2019/01/15 21:04:19
690;Name 690;65.5639;2019/02/04 01:25:14
691;Name 691;64.833;2019/04/19 14:06:05
692;Name 692;25.8323;2019/02/05 04:01:23
693;Name 693;27.6722;2019/11/23 00:40:17
694;Name 694;7.98006;2019/05/04 16:07:07
695;Name 695;35.1915;2019/05/28 13:05:56
696;Name 696;90.4031;2019/04/07 20:48:00
697;Name 697;80.3362;2019/09/14 21:30:21
698;Name 698;50.5954;2019/05/01 01:13:33
699;Name 699;13.5869;2019/03/12 14:09:10
700;Name 700;22.1246;2019/06/07 19:01:09
701;Name 701;16.2959;2019/10/20 12:10:30
702;Name 702;52.1433;2019/05/09 00:10:17
703;Name 703;91.1702;2019/11/17 04:57:52
704;Name 704;41.6591;2019/10/18 03:15:40
705;Name 705;70.9156;2019/08/17 16:39:06
706;Name 706;53.1237;2019/09/25 02:19:35
707;Name 707;42.5822;2019/04/11 05:42:26
708;Name 708;59.5885;2019/04/28 01:05:30
709;Name 709;18.7415;2019/05/25 19:15:31
710;Name 710;30.2519;2019/06/11 14:52:24
711;Name 711;78.6742;2019/06/10 15:21:14
712;Name 712;27.7593;2019/06/29 13:53:15
713;Name 713;95.8487;2019/09/14 05:48:45
714;Name 714;32.3839;2019/09/28 15:17:10
715;Name 715;63.9221;2019/03/18 15:13:53
716;Name 716;76.5622;2019/05/09 02:54:39
717;Name 717;13.3684;2019/08/03 04:33:53
718;Name 718;1.85052;2019/04/26 15:38:55
719;Name 719;32.0518;2019/07/04 04:03:25
720;Name 720;84.2125;2019/02/18 06:38:10
721;Name 721;93.181;2019/02/22 09:44:13
722;Name 722;34.7908;2019/06/09 06:16:43
723;Name 723;24.3059;2019/06/08 17:13:58
724;Name 724;20.2942;2019/09/02 16:41:29
725;Name 725;53.4318;2019/08/15 21:34:50
726;Name 726;7.35207;2019/08/23 06:34:58
727;Name 727;38.473;2019/08/30 09:29:10
728;Name 728;80.0187;2019/10/29 21:47:05
729;Name 729;36.1633;2019/05/14 08:30:08
730;Name 730;13.6276;2019/10/13 03:44:50
731;Name 731;4.3588;2019/11/24 17:30:37
732;Name 732;6.0717;2019/01/24 20:13:45
733;Name 733;93.9588;2019/01/10 08:38:09
734;Name 734;2.51716;2019/02/06 08:26:15
735;Name 735;56.899;2019/03/22 08:54:34
736;Name 736;21.8983;2019/11/05 11:17:56
737;Name 737;87.6332;2019/09/24 18:49:27
738;Name 738;64.63;2019/06/12 20:51:41
739;Name 739;53.4396;2019/06/14 07:46:08
740;Name 740;96.8034;2019/02/02 11:57:48
741;Name 741;22.26;2019/07/22 15:28:25
742;Name 742;14.6157;2019/04/22 08:11:12
743;Name 743;96.8773;2019/02/12 04:30:34
744;Name 744;42.1179;2019/09/19 15:52:01
745;Name 745;47.6325;2019/02/27 03:51:04
746;Name 746;21.0735;2019/11/12 11:40:40
747;Name 747;5.41639;2019/05/15 14:26:12
748;Name 748;5.79183;2019/04/27 04:35:07
749;Name 749;55.886;2019/07/28 05:41:13
750;Name 750;77.4962;2019/06/10 00:03:14
751;Name 751;47.3817;2019/06/22 10:12:46
752;Name 752;8.98053;2019/05/29 13:19:41
753;Name 753;30.793;2019/06/09 13:59:07
754;Name 754;45.0699;2019/05/25 07:58:44
755;Name 755;92.2269;2019/04/10 17:38:46
756;Name 756;19.8277;2019/10/24 07:42:40
757;Name 757;35.0414;2019/07/27 16:15:41
758;Name 758;50.6483;2019/01/24 01:56:17
759;Name 759;6.53329;2019/03/03 06:12:48
760;Name 760;36.9904;2019/11/23 12:52:21
761;Name 761;19.1446;2019/08/13 09:09:41
762;Name 762;58.4192;2019/02/13 14:36:58
763;Name 763;7.44871;2019/07/28 15:58:27
764;Name 764;6.90544;2019/03/03 11:19:42
765;Name 765;70.8219;2019/09/02 05:33:55
766;Name 766;2.40274;2019/02/11 01:50:41
767;Name 767;79.7512;2019/05/23 13:28:02
768;Name 768;98.9047;2019/09/02 02:54:55
769;Name 769;33.1412;2019/03/29 15:49:02
770;Name 770;71.7854;2019/04/17 09:10:10
771;Name 771;84.1943;2019/11/19 07:45:24
772;Name 772;12.6724;2019/08/01 19:17:28
773;Name 773;51.8249;2019/08/22 06:12:49
774;Name 774;78.5866;2019/11/15 00:05:17
775;Name 775;94.8664;2019/10/04 19:55:42
776;Name 776;69.0113;2019/05/16 03:30:38
777;Name 777;99.8627;2019/03/16 05:59:23
778;Name 778;23.8684;2019/06/15 06:22:07
779;Name 779;93.7369;2019/01/05 01:59:12
780;Name 780;43.2461;2019/09/23 03:40:01
781;Name 781;38.2332;2019/09/19 10:05:03
782;Name 782;97.467;2019/06/05 08:23:05
783;Name 783;60.9547;2019/09/09 19:35:18
784;Name 784;61.545;2019/08/25 03:39:35
785;Name 785;59.5256;2019/11/22 17:52:42
786;Name 786;29.2814;2019/03/16 04:42:08
787;Name 787;12.4077;2019/05/24 02:39:52
788;Name 788;80.7044;2019/06/04 10:58:29
789;Name 789;81.8144;2019/04/06 12:41:45
790;Name 790;66.0535;2019/01/25 21:42:31
791;Name 791;66.3133;2019/04/11 17:23:10
792;Name 792;25.9512;2019/09/23 04:19:52
793;Name 793;58.5417;2019/09/20 15:58:43
794;Name 794;74.0004;2019/06/06 02:55:34
795;Name 795;7.62001;2019/11/12 13:18:18
796;Name 796;21.9326;2019/08/29 05:47:01
797;Name 797;72.1347;2019/01/28 07:09:35
798;Name 798;48.3907;2019/03/12 08:29:59
799;Name 799;80.499;2019/11/14 16:56:15
800;Name 800;86.0937;2019/03/16 01:53:54
801;Name 801;23.4659;2019/02/18 16:05:26
802;Name 802;22.0846;2019/09/19 10:13:01
803;Name 803;77.9508;2019/05/17 14:19:04
804;Name 804;84.4124;2019/06/23 01:14:44
805;Name 805;8.96882;2019/04/24 01:29:28
806;Name 806;66.5997;2019/08/13 17:44:24
807;Name 807;5.42476;2019/06/14 15:37:41
808;Name 808;53.903;2019/09/07 11:54:09
809;Name 809;67.9061;2019/01/01 10:57:54
810;Name 810;52.7824;2019/10/19 15:11:26
811;Name 811;61.3473;2019/04/13 04:45:51
812;Name 812;28.1048;2019/02/22 08:01:49
813;Name 813;39.846;2019/06/16 16:17:43
814;Name 814;87.4746;2019/09/22 12:20:48
815;Name 815;91.3655;2019/10/04 15:28:49
816;Name 816;86.1617;2019/10/12 21:22:04
817;Name 817;31.08;2019/01/19 14:07:36
818;Name 818;23.7885;2019/07/29 15:53:42
819;Name 819;37.4335;2019/04/05 18:52:52
820;Name 820;11.2123;2019/03/10 20:32:25
821;Name 821;19.2544;2019/09/09 05:41:00
822;Name 822;66.6381;2019/09/29 09:07:16
823;Name 823;56.4382;2019/06/21 17:17:48
824;Name 824;8.01251;2019/07/26 21:42:30
825;Name 825;78.7358;2019/03/13 02:13:04
826;Name 826;24.6501;2019/01/08 00:24:16
827;Name 827;84.9885;2019/08/19 12:09:10
828;Name 828;14.586;2019/07/30 19:50:27
829;Name 829;28.4747;2019/09/02 21:07:26
830;Name 830;91.2132;2019/01/05 09:44:59
831;Name 831;31.2935;2019/10/14 00:17:02
832;Name 832;38.0297;2019/01/01 04:09:57
833;Name 833;41.9498;2019/09/16 09:08:38
834;Name 834;50.6271;2019/06/22 01:56:31
835;Name 835;54.0748;2019/08/07 17:12:26
836;Name 836;99.235;2019/10/23 13:53:59
837;Name 837;79.285;2019/08/12 20:32:14
838;Name 838;44.7238;2019/02/29 21:57:32
839;Name 839;67.0617;2019/09/09 19:56:41
840;Name 840;12.707;2019/03/25 11:40:43
841;Name 841;11.8063;2019/10/27 16:13:07
842;Name 842;98.3508;2019/06/13 16:46:46
843;Name 843;21.9863;2019/02/05 10:59:46
844;Name 844;71.1884;2019/11/11 09:06:37
845;Name 845;42.2952;2019/03/20 15:54:37
846;Name 846;85.6185;2019/01/20 13:22:13
847;Name 847;72.3485;2019/09/23 16:07:48
848;Name 848;35.0738;2019/06/08 06:14:22
849;Name 849;22.3417;2019/10/10 06:35:19
850;Name 850;8.4119;2019/10/05 11:18:33
851;Name 851;10.1464;2019/06/23 13:28:20
852;Name 852;20.7566;2019/05/10 12:58:26
853;Name 853;45.4706;2019/09/30 16:52:58
854;Name 854;18.5126;2019/03/14 09:46:46
855;Name 855;16.8143;2019/11/09 14:17:28
856;Name 856;44.9529;2019/08/03 02:45:49
857;Name 857;13.7443;2019/01/25 20:39:24
858;Name 858;84.1253;2019/01/08 17:03:33
859;Name 859;27.4088;2019/06/03 17:07:58
860;Name 860;92.5853;2019/03/26 09:34:24
861;Name 861;74.2173;2019/09/08 19:38:07
862;Name 862;99.8035;2019/07/07 14:59:25
863;Name 863;10.3129;2019/05/30 13:36:21
864;Name 864;48.7065;2019/11/30 09:51:03
865;Name 865;10.0171;2019/01/09 05:31:27
866;Name 866;92.9563;2019/10/12 01:07:48
867;Name 867;75.8839;2019/06/21 21:47:50
868;Name 868;8.88353;2019/10/13 21:13:17
869;Name 869;89.0608;2019/08/05 11:37:04
870;Name 870;71.6533;2019/11/01 05:06:18
871;Name 871;55.0031;2019/08/09 13:52:40
872;Name 872;50.4265;2019/04/06 01:17:50
873;Name 873;94.0321;2019/11/15 20:53:18
874;Name 874;36.2811;2019/10/17 00:59:56
875;Name 875;30.286;2019/04/07 16:01:04
876;Name 876;71.173;2019/04/25 08:47:39
877;Name 877;73.6101;2019/08/25 12:15:46
878;Name 878;35.0434;2019/05/16 03:33:23
879;Name 879;33.7241;2019/10/18 21:06:48
880;Name 880;17.3717;2019/01/29 20:56:55
881;Name 881;92.3342;2019/07/09 06:35:17
882;Name 882;61.1407;2019/06/24 00:12:32
883;Name 883;59.1964;2019/09/28 05:44:40
884;Name 884;20.043;2019/09/15 16:17:11
885;Name 885;75.4694;2019/02/06 11:42:59
886;Name 886;67.1349;2019/10/24 03:59:16
887;Name 887;87.7974;2019/02/14 18:39:18
888;Name 888;68.8957;2019/10/05 14:10:33
889;Name 889;40.8996;2019/07/08 21:33:26
890;Name 890;58.4443;2019/04/16 14:36:39
891;Name 891;80.013;2019/05/16 13:54:29
892;Name 892;87.4373;2019/08/12 13:24:51
893;Name 893;14.7693;2019/07/03 05:08:53
894;Name 894;20.675;2019/07/27 03:38:27
895;Name 895;72.0196;2019/08/15 19:04:13
896;Name 896;99.5191;2019/05/14 04:58:49
897;Name 897;36.066;2019/03/30 20:24:31
898;Name 898;88.8093;2019/04/01 04:20:14
899;Name 899;17.0837;2019/07/02 06:32:11
900;Name 900;8.3297;2019/02/23 12:06:25
901;Name 901;51.7295;2019/04/21 20:27:54
902;Name 902;41.4231;2019/11/13 15:06:47
903;Name 903;49.5301;2019/08/25 12:38:15
904;Name 904;28.984;2019/06/19 14:33:07
905;Name 905;68.6396;2019/05/29 13:06:47
906;Name 906;75.5946;2019/11/24 15:08:34
907;Name 907;75.823;2019/07/22 12:32:48
908;Name 908;61.3837;2019/08/05 01:04:24
909;Name 909;6.11356;2019/03/29 02:09:45
910;Name 910;47.0993;2019/09/19 21:42:52
911;Name 911;7.74997;2019/01/18 01:47:08
912;Name 912;0.291337;2019/05/17 21:22:17
913;Name 913;39.213;2019/11/04 07:08:49
914;Name 914;61.8499;2019/04/02 17:25:56
915;Name 915;54.8322;2019/04/06 13:32:56
916;Name 916;59.442;2019/05/20 02:53:53
917;Name 917;90.1603;2019/04/23 01:47:20
918;Name 918;90.8617;2019/03/14 00:10:51
919;Name 919;25.3095;2019/05/30 21:57:09
920;Name 920;59.6476;2019/02/13 05:50:37
921;Name 921;31.9843;2019/02/09 14:13:13
922;Name 922;25.8552;2019/03/04 07:51:18
923;Name 923;27.4812;2019/11/20 20:02:57
924;Name 924;77.0193;2019/03/13 14:40:58
925;Name 925;86.8236;2019/02/06 16:56:15
926;Name 926;13.27;2019/04/13 19:33:00
927;Name 927;63.0431;2019/11/01 11:15:33
928;Name 928;39.1241;2019/09/13 14:07:22
929;Name 929;70.1417;2019/05/18 07:19:42
930;Name 930;87.1545;2019/09/20 01:28:38
931;Name 931;6.69009;2019/04/22 20:14:24
932;Name 932;52.2332;2019/06/09 18:57:11
933;Name 933;43.3119;2019/08/12 20:34:30
934;Name 934;1.37577;2019/05/15 15:07:22
935;Name 935;54.2201;2019/08/21 09:38:46
936;Name 936;29.6337;2019/09/15 13:02:23
937;Name 937;45.0809;2019/10/26 21:01:56
938;Name 938;76.738;2019/03/22 19:19:05
939;Name 939;98.6891;2019/03/27 14:13:38
940;Name 940;25.4172;2019/01/10 15:22:11
941;Name 941;23.3062;2019/05/22 05:57:17
942;Name 942;62.3331;2019/10/15 20:14:46
943;Name 943;30.9807;2019/09/18 06:40:22
944;Name 944;41.9431;2019/05/27 18:17:43
945;Name 945;72.2324;2019/10/17 20:36:16
946;Name 946;53.9676;2019/02/11 14:10:55
947;Name 947;95.3684;2019/11/18 05:06:58
948;Name 948;22.5525;2019/11/30 07:03:19
949;Name 949;20.3392;2019/08/17 08:17:33
950;Name 950;8.26824;2019/01/13 01:21:22
951;Name 951;23.4086;2019/07/14 19:37:59
952;Name 952;2.21285;2019/06/06 15:11:04
953;Name 953;32.0741;2019/01/09 14:14:01
954;Name 954;78.7437;2019/05/01 14:34:57
955;Name 955;59.2904;2019/09/03 05:45:40
956;Name 956;38.6032;2019/06/07 04:34:42
957;Name 957;81.1356;2019/06/17 00:35:33
958;Name 958;8.82229;2019/10/28 18:49:43
959;Name 959;29.4758;2019/06/05 15:15:53
960;Name 960;89.3075;2019/02/18 07:45:50
961;Name 961;68.3326;2019/07/08 15:09:47
962;Name 962;91.1528;2019/04/10 11:42:11
963;Name 963;17.1862;2019/02/03 04:27:30
964;Name 964;81.2035;2019/05/13 16:45:07
965;Name 965;25.0983;2019/04/12 02:12:01
966;Name 966;18.7611;2019/08/01 06:29:58
967;Name 967;89.2362;2019/06/23 18:24:52
968;Name 968;50.2522;2019/01/15 18:45:39
969;Name 969;47.4707;2019/01/10 02:17:46
970;Name 970;97.2696;2019/07/22 20:29:37
971;Name 971;6.25622;2019/07/23 10:43:21
972;Name 972;81.962;2019/01/07 15:00:17
973;Name 973;9.15839;2019/09/16 14:44:54
974;Name 974;84.2146;2019/01/17 04:38:04
975;Name 975;39.9838;2019/09/19 12:55:16
976;Name 976;87.4169;2019/08/19 19:54:35
977;Name 977;59.4476;2019/04/11 11:16:44
978;Name 978;12.1382;2019/10/30 16:14:16
979;Name 979;55.0544;2019/06/27 01:22:24
980;Name 980;33.3571;2019/07/26 01:48:25
981;Name 981;20.3702;2019/06/25 09:10:44
982;Name 982;28.4997;2019/04/28 07:33:34
983;Name 983;30.2764;2019/07/09 08:56:39
984;Name 984;86.1958;2019/11/02 00:34:38
985;Name 985;32.155;2019/07/16 09:02:46
986;Name 986;6.49222;2019/06/08 20:32:10
987;Name 987;66.1798;2019/07/30 09:47:08
988;Name 988;92.7014;2019/08/29 06:16:09
989;Name 989;5.72309;2019/06/06 12:27:00
990;Name 990;91.4919;2019/10/13 08:13:50
991;Name 991;20.5012;2019/02/22 10:18:46
992;Name 992;85.443;2019/02/12 07:14:31
993;Name 993;55.9208;2019/11/13 06:34:09
994;Name 994;47.4113;2019/02/15 10:30:26
995;Name 995;7.61311;2019/08/02 12:03:38
996;Name 996;89.9825;2019/10/04 04:27:58
997;Name 997;64.8878;2019/07/14 14:38:12
998;Name 998;16.2423;2019/07/14 05:11:52
999;Name 999;73.5643;2019/07/14 11:42:09
